date,nav
2026-07-24,117.3538
2026-07-23,117.3418
2026-07-22,117.37
2026-07-21,117.4206
2026-07-20,117.3292
2026-07-17,117.3583
2026-07-16,117.3394
2026-07-15,117.2609
2026-07-14,117.2051
2026-07-13,117.4711
2026-07-10,117.4623
2026-07-09,117.3335
2026-07-08,117.3127
2026-07-07,117.5758
2026-07-06,117.6258
2026-07-03,117.583
2026-07-02,117.5476
2026-07-01,117.4079
2026-06-30,117.383
2026-06-29,117.6753
2026-06-25,117.4995
2026-06-24,117.3018
2026-06-23,117.2069
2026-06-22,117.1451
2026-06-19,117.0754
2026-06-18,117.0515
2026-06-17,116.9939
2026-06-16,116.991
2026-06-15,116.9544
2026-06-12,116.8151
2026-06-11,116.6905
2026-06-10,116.7825
2026-06-09,116.6967
2026-06-08,116.3972
2026-06-05,116.1747
2026-06-04,115.8459
2026-06-03,115.7797
2026-06-02,115.7981
2026-06-01,115.7275
2026-05-29,116.2067
2026-05-27,116.1248
2026-05-26,116.0622
2026-05-25,116.0562
2026-05-22,115.8622
2026-05-21,115.7936
2026-05-20,115.902
2026-05-19,115.9453
2026-05-18,115.8981
2026-05-15,116.1398
2026-05-14,116.2897
2026-05-13,116.2956
2026-05-12,116.3194
2026-05-11,116.3713
2026-05-08,116.4427
2026-05-07,116.45
2026-05-06,116.3702
2026-05-05,116.1618
2026-05-04,116.2038
2026-04-30,116.1107
2026-04-29,116.2093
2026-04-28,116.302
2026-04-27,116.34
2026-04-24,116.6862
2026-04-23,116.7487
2026-04-22,116.8402
2026-04-21,116.8398
2026-04-20,116.8286
2026-04-17,116.7674
2026-04-16,116.7829
2026-04-15,116.7764
2026-04-13,116.5772
2026-04-10,116.5597
2026-04-09,116.4698
2026-04-08,116.3326
2026-04-07,115.8868
2026-04-06,115.8003
2026-04-02,115.7636
2026-03-31,115.9089
2026-03-30,115.8871
2026-03-27,116.2881
2026-03-25,116.3565
2026-03-24,116.3681
2026-03-23,116.3954
2026-03-20,116.6822
2026-03-18,116.7488
2026-03-17,116.6784
2026-03-16,116.662
2026-03-13,116.6753
2026-03-12,116.7396
2026-03-11,116.8632
2026-03-10,116.8013
2026-03-09,116.6655
2026-03-06,116.792
2026-03-05,116.8065
2026-03-04,116.6977
2026-03-02,116.8191
2026-02-27,117.2687
2026-02-26,117.2484
2026-02-25,117.2228
2026-02-24,117.1772
2026-02-23,117.1175
2026-02-20,117.0373
2026-02-18,117.0947
2026-02-17,117.102
2026-02-16,117.0731
2026-02-13,116.986
2026-02-12,116.8513
2026-02-11,116.719
2026-02-10,116.6384
2026-02-09,116.632
2026-02-06,116.6257
2026-02-05,116.8171
2026-02-04,116.6578
2026-02-03,116.4976
2026-02-02,116.3473
2026-01-30,117.0035
2026-01-29,116.8994
2026-01-28,116.8922
2026-01-27,116.9158
2026-01-23,116.8827
2026-01-22,116.8587
2026-01-21,116.7417
2026-01-20,116.7361
2026-01-19,116.7741
2026-01-16,116.8128
2026-01-14,116.938
2026-01-13,117.0008
2026-01-12,117.1172
2026-01-09,117.0485
2026-01-08,117.037
2026-01-07,117.0324
2026-01-06,117.0825
2026-01-05,117.0666
2026-01-02,117.1554
2026-01-01,117.1723
2025-12-31,117.1425
2025-12-30,117.0325
2025-12-29,117.0986
2025-12-26,117.5359
2025-12-24,117.518
2025-12-23,117.2913
2025-12-22,117.3219
2025-12-19,117.3392
2025-12-18,117.317
2025-12-17,117.3246
2025-12-16,117.3241
2025-12-15,117.2903
2025-12-12,117.3658
2025-12-11,117.3612
2025-12-10,117.3459
2025-12-09,117.4937
2025-12-08,117.648
2025-12-05,117.6559
2025-12-04,117.5469
2025-12-03,117.5482
2025-12-02,117.5467
2025-12-01,117.5212
2025-11-28,118.0708
2025-11-27,118.0845
2025-11-26,118.0754
2025-11-25,117.9969
2025-11-24,117.9323
2025-11-21,117.8666
2025-11-20,117.8852
2025-11-19,117.8734
2025-11-18,117.8127
2025-11-17,117.7647
2025-11-14,117.7614
2025-11-13,117.7809
2025-11-12,117.7851
2025-11-11,117.749
2025-11-10,117.7105
2025-11-07,117.6419
2025-11-06,117.6127
2025-11-04,117.5703
2025-11-03,117.5282
2025-10-31,118.0612
2025-10-30,118.0346
2025-10-29,118.079
2025-10-28,118.022
2025-10-27,117.9919
2025-10-24,117.9433
2025-10-23,117.9589
2025-10-20,117.9952
2025-10-17,117.9617
2025-10-16,117.8849
2025-10-15,117.8444
2025-10-14,117.7727
2025-10-13,117.7377
2025-10-10,117.6397
2025-10-09,117.6122
2025-10-08,117.6043
2025-10-07,117.5528
2025-10-06,117.4323
2025-10-03,117.2886
2025-10-01,117.148
2025-09-30,117.0524
2025-09-26,117.515
2025-09-25,117.4639
2025-09-24,117.4303
2025-09-23,117.4139
2025-09-22,117.3515
2025-09-19,117.2755
2025-09-18,117.2889
2025-09-17,117.2874
2025-09-16,117.2062
2025-09-15,117.2078
2025-09-12,117.2298
2025-09-11,117.1957
2025-09-10,117.1832
2025-09-09,117.1772
2025-09-05,117.0616
2025-09-04,116.9457
2025-09-03,116.8476
2025-09-02,116.8061
2025-09-01,116.837
2025-08-29,117.5059
2025-08-28,117.5453
2025-08-26,117.3946
2025-08-25,117.5872
2025-08-22,117.5937
2025-08-21,117.5815
2025-08-20,117.5722
2025-08-19,117.4834
2025-08-18,117.6127
2025-08-14,117.6423
2025-08-13,117.4637
2025-08-12,117.5277
2025-08-11,117.6939
2025-08-08,117.7709
2025-08-07,117.7584
2025-08-06,117.7087
2025-08-05,117.9544
2025-08-04,117.9481
2025-08-01,117.7956
2025-07-31,117.7102
2025-07-30,117.6656
2025-07-29,117.6732
2025-07-28,117.713
2025-07-25,118.2305
2025-07-24,118.2951
2025-07-23,118.2628
2025-07-22,118.2302
2025-07-21,118.2028
2025-07-18,118.1408
2025-07-17,118.0436
2025-07-16,117.9766
2025-07-15,117.9724
2025-07-14,117.9721
2025-07-11,117.9183
2025-07-10,117.8968
2025-07-09,117.8964
2025-07-08,117.9263
2025-07-07,117.9312
2025-07-04,117.8464
2025-07-03,117.8557
2025-07-02,117.7601
2025-07-01,117.6451
2025-06-30,117.5514
2025-06-27,117.9978
2025-06-26,118.0124
2025-06-25,118.0233
2025-06-24,118.0917
2025-06-23,117.9647
2025-06-20,117.9435
2025-06-19,117.9525
2025-06-18,118.0898
2025-06-17,118.0819
2025-06-16,117.9439
2025-06-13,117.8548
2025-06-12,117.992
2025-06-11,118.0594
2025-06-10,118.1671
2025-06-09,118.435
2025-06-06,118.5702
2025-06-05,118.3199
2025-06-04,118.2823
2025-06-03,118.2686
2025-06-02,118.2421
2025-05-30,118.8584
2025-05-29,118.8929
2025-05-28,118.8862
2025-05-27,118.8318
2025-05-26,118.8195
2025-05-23,118.744
2025-05-22,118.7063
2025-05-21,118.6716
2025-05-20,118.4496
2025-05-19,118.328
2025-05-16,118.209
2025-05-15,118.0287
2025-05-14,117.9013
2025-05-13,117.7644
2025-05-09,117.3369
2025-05-08,117.4117
2025-05-07,117.6457
2025-05-06,117.5904
2025-05-05,117.6308
2025-05-02,117.5339
2025-04-30,117.5007
2025-04-29,117.4962
2025-04-28,117.4068
2025-04-25,117.8871
2025-04-24,117.9428
2025-04-23,117.9568
2025-04-22,117.8803
2025-04-21,117.7795
2025-04-17,117.6058
2025-04-16,117.4667
2025-04-15,117.3689
2025-04-11,117.2479
2025-04-09,117.1131
2025-04-08,116.9854
2025-04-07,116.9961
2025-04-04,116.9779
2025-04-03,116.9046
2025-04-02,116.7518
2025-03-31,116.2887
2025-03-28,116.8038
2025-03-27,116.5705
2025-03-26,116.3908
2025-03-25,116.2657
2025-03-24,116.2165
2025-03-21,116.1136
2025-03-20,116.0092
2025-03-19,115.8968
2025-03-18,115.7678
2025-03-17,115.7119
2025-03-13,115.6149
2025-03-12,115.573
2025-03-11,115.5391
2025-03-10,115.504
2025-03-07,115.461
2025-03-06,115.4429
2025-03-05,115.3745
2025-03-04,115.3527
2025-03-03,115.3476
2025-02-28,115.8818
2025-02-27,115.9051
2025-02-25,115.9678
2025-02-24,115.9587
2025-02-21,115.8889
2025-02-20,115.874
2025-02-18,115.8523
2025-02-17,115.8237
2025-02-14,115.7747
2025-02-13,115.7552
2025-02-12,115.7457
2025-02-11,115.764
2025-02-10,115.7223
2025-02-07,115.707
2025-02-06,115.7714
2025-02-05,115.6964
2025-02-04,115.6077
2025-02-03,115.6059
2025-01-31,116.225
2025-01-30,116.2025
2025-01-29,116.1615
2025-01-28,116.1525
2025-01-27,116.112
2025-01-24,115.9776
2025-01-23,115.9583
2025-01-22,115.9574
2025-01-21,115.9022
2025-01-20,115.8336
2025-01-17,115.749
2025-01-16,115.7349
2025-01-15,115.5885
2025-01-14,115.5344
2025-01-13,115.5032
2025-01-10,115.6157
2025-01-09,115.6022
2025-01-08,115.6217
2025-01-07,115.6331
2025-01-06,115.5751
2025-01-03,115.4969
2025-01-02,115.4605
2025-01-01,115.4562
2024-12-31,115.4436
2024-12-30,115.4068
2024-12-27,115.9189
2024-12-26,115.8826
2024-12-24,115.849
2024-12-23,115.8728
2024-12-20,115.7967
2024-12-19,115.799
2024-12-18,115.8819
2024-12-17,115.8521
2024-12-16,115.8669
2024-12-13,115.8113
2024-12-12,115.8055
2024-12-11,115.8176
2024-12-10,115.7961
2024-12-09,115.7548
2024-12-06,115.6875
2024-12-05,115.7552
2024-12-04,115.7045
2024-12-03,115.6109
2024-12-02,115.5787
2024-11-29,116.0848
2024-11-28,115.9775
2024-11-27,115.946
2024-11-26,115.9625
2024-11-25,115.9475
2024-11-22,115.8513
2024-11-21,115.8776
2024-11-19,115.8682
2024-11-18,115.8344
2024-11-14,115.7402
2024-11-13,115.7668
2024-11-12,115.7691
2024-11-11,115.7608
2024-11-08,115.6994
2024-11-07,115.6301
2024-11-06,115.5918
2024-11-05,115.5912
2024-11-04,115.5767
2024-10-31,115.4992
2024-10-30,115.4848
2024-10-29,115.4172
2024-10-28,115.3755
2024-10-25,115.9562
2024-10-24,115.9379
2024-10-23,115.8945
2024-10-22,115.8442
2024-10-21,115.8967
2024-10-18,115.8752
2024-10-17,115.9123
2024-10-16,115.9158
2024-10-15,115.9157
2024-10-14,115.8783
2024-10-11,115.7791
2024-10-10,115.7549
2024-10-09,115.726
2024-10-08,115.5488
2024-10-07,115.48
2024-10-04,115.4552
2024-10-03,115.5434
2024-10-01,115.5607
2024-09-30,115.4545
2024-09-27,115.9758
2024-09-26,115.9971
2024-09-25,115.9062
2024-09-24,115.8348
2024-09-23,115.81
2024-09-20,115.7076
2024-09-19,115.6555
2024-09-17,115.5289
2024-09-16,115.5271
2024-09-13,115.4135
2024-09-12,115.3329
2024-09-11,115.2988
2024-09-10,115.2327
2024-09-09,115.2073
2024-09-06,115.1509
2024-09-05,115.1415
2024-09-04,115.1085
2024-09-03,115.0625
2024-09-02,115.0328
2024-08-30,115.7045
2024-08-29,115.7472
2024-08-28,115.7163
2024-08-27,115.6715
2024-08-26,115.6442
2024-08-23,115.5815
2024-08-22,115.5522
2024-08-21,115.5152
2024-08-20,115.4861
2024-08-19,115.4389
2024-08-16,115.3624
2024-08-14,115.3436
2024-08-13,115.2988
2024-08-12,115.2694
2024-08-09,115.2257
2024-08-08,115.2013
2024-08-07,115.1918
2024-08-06,115.1595
2024-08-05,115.1605
2024-08-02,115.0131
2024-08-01,114.9636
2024-07-31,114.9259
2024-07-30,114.9243
2024-07-29,114.927
2024-07-26,115.3902
2024-07-25,115.3105
2024-07-24,115.2215
2024-07-23,115.1841
2024-07-22,115.1816
2024-07-19,115.13
2024-07-18,115.0965
2024-07-16,115.0311
2024-07-15,114.954
2024-07-12,114.86
2024-07-11,114.8529
2024-07-10,114.829
2024-07-09,114.8019
2024-07-08,114.7717
2024-07-05,114.6951
2024-07-04,114.6583
2024-07-03,114.6216
2024-07-02,114.5789
2024-07-01,114.5299
2024-06-30,115.0833
2024-06-28,115.041
2024-06-27,114.9751
2024-06-26,114.9537
2024-06-25,114.9776
2024-06-24,114.9691
2024-06-21,114.9015
2024-06-20,114.8584
2024-06-19,114.8255
2024-06-18,114.7738
2024-06-14,114.6837
2024-06-13,114.6465
2024-06-12,114.5818
2024-06-11,114.5574
2024-06-10,114.4884
2024-06-07,114.4249
2024-06-06,114.3839
2024-06-05,114.2765
2024-06-04,114.2118
2024-06-03,114.4944
2024-05-31,115.0457
2024-05-30,115.016
2024-05-29,114.98
2024-05-28,114.9982
2024-05-27,115.002
2024-05-24,114.9531
2024-05-22,114.8736
2024-05-21,114.7911
2024-05-17,114.6627
2024-05-16,114.673
2024-05-15,114.577
2024-05-14,114.4899
2024-05-13,114.4526
2024-05-10,114.3883
2024-05-09,114.3512
2024-05-08,114.3422
2024-05-07,114.3489
2024-05-06,114.336
2024-05-03,114.1662
2024-05-02,114.1105
2024-04-30,114.046
2024-04-29,114.0069
2024-04-26,114.5338
2024-04-25,114.5227
2024-04-24,114.529
2024-04-23,114.527
2024-04-22,114.4476
2024-04-19,114.34
2024-04-18,114.4434
2024-04-16,114.3945
2024-04-15,114.434
2024-04-12,114.3403
2024-04-10,114.4677
2024-04-08,114.3448
2024-04-05,114.3876
2024-04-04,114.3912
2024-04-03,114.3491
2024-04-02,114.313
2024-03-31,114.3157
2024-03-28,114.9981
2024-03-27,114.8024
2024-03-26,114.7464
2024-03-22,114.7283
2024-03-21,114.7614
2024-03-20,114.6874
2024-03-19,114.6515
2024-03-18,114.6828
2024-03-15,114.6701
2024-03-14,114.6573
2024-03-13,114.6684
2024-03-12,114.6626
2024-03-11,114.6577
2024-03-07,114.4936
2024-03-06,114.4471
2024-03-05,114.382
2024-03-04,114.3699
2024-03-01,114.3073
2024-02-29,114.2944
2024-02-28,114.2797
2024-02-27,114.2357
2024-02-26,114.2372
2024-02-23,114.6798
2024-02-22,114.6699
2024-02-21,114.6443
2024-02-20,114.5959
2024-02-16,114.4438
2024-02-15,114.4272
2024-02-14,114.3401
2024-02-13,114.3697
2024-02-12,114.3657
2024-02-09,114.3015
2024-02-08,114.3391
2024-02-07,114.3401
2024-02-06,114.2931
2024-02-05,114.2711
2024-02-02,114.2926
2024-02-01,114.1723
2024-01-31,113.9805
2024-01-30,113.9379
2024-01-29,114.568
2024-01-25,114.4766
2024-01-24,114.4544
2024-01-23,114.4518
2024-01-19,114.3544
2024-01-18,114.3604
2024-01-17,114.3552
2024-01-16,114.3471
2024-01-15,114.3452
2024-01-12,114.2116
2024-01-11,114.1581
2024-01-10,114.1495
2024-01-09,114.1142
2024-01-08,114.0786
2024-01-05,113.965
2024-01-04,113.9792
2024-01-03,113.9755
2024-01-02,113.974
2024-01-01,113.968
2023-12-29,114.6697
2023-12-28,114.5821
2023-12-27,114.5739
2023-12-26,114.5852
2023-12-22,114.4829
2023-12-21,114.4636
2023-12-20,114.4608
2023-12-19,114.4432
2023-12-18,114.447
2023-12-15,114.366
2023-12-14,114.2451
2023-12-13,114.0794
2023-12-12,114.0419
2023-12-11,114.0248
2023-12-08,114.0014
2023-12-07,114.0049
2023-12-06,113.9756
2023-12-05,113.9138
2023-12-04,113.8842
2023-12-01,113.7996
2023-11-30,113.8184
2023-11-29,113.8311
2023-11-28,113.7679
2023-11-24,114.2654
2023-11-23,114.3002
2023-11-22,114.3118
2023-11-21,114.2629
2023-11-20,114.3285
2023-11-17,114.3207
2023-11-16,114.2756
2023-11-15,114.2354
2023-11-13,114.0945
2023-11-10,114.0288
2023-11-09,114.0667
2023-11-08,114.0161
2023-11-07,113.9676
2023-11-06,113.9139
2023-11-03,113.8392
2023-11-02,113.7811
2023-11-01,113.6841
2023-10-31,113.6755
2023-10-30,113.6439
2023-10-27,114.2083
2023-10-26,114.1872
2023-10-25,114.1714
2023-10-23,114.0894
2023-10-20,114.0537
2023-10-19,114.0419
2023-10-18,114.0598
2023-10-17,114.067
2023-10-16,114.0485
2023-10-13,113.9913
2023-10-12,113.9615
2023-10-11,113.9112
2023-10-10,113.8117
2023-10-09,113.7681
2023-10-06,113.7628
2023-10-05,114.0487
2023-10-04,113.9639
2023-10-03,113.9595
2023-09-29,114.6714
2023-09-27,114.6991
2023-09-26,114.6826
2023-09-25,114.6894
2023-09-22,114.6404
2023-09-21,114.6313
2023-09-20,114.6034
2023-09-18,114.5221
2023-09-15,114.4597
2023-09-14,114.5432
2023-09-13,114.4433
2023-09-12,114.3055
2023-09-11,114.3198
2023-09-08,114.2973
2023-09-07,114.3396
2023-09-06,114.2528
2023-09-05,114.2942
2023-09-04,114.2801
2023-09-01,114.2161
2023-08-31,114.196
2023-08-30,114.1789
2023-08-29,114.1421
2023-08-28,114.1174
2023-08-25,114.6137
2023-08-24,114.6037
2023-08-23,114.5408
2023-08-22,114.4652
2023-08-21,114.4772
2023-08-18,114.4096
2023-08-17,114.3516
2023-08-14,114.3755
2023-08-11,114.3362
2023-08-10,114.3733
2023-08-09,114.3481
2023-08-08,114.313
2023-08-07,114.3179
2023-08-04,114.2048
2023-08-03,114.2393
2023-08-02,114.2739
2023-08-01,114.253
2023-07-31,114.1979
2023-07-28,114.7361
2023-07-27,114.8159
2023-07-26,114.7632
2023-07-25,114.7194
2023-07-24,114.7652
2023-07-21,114.6991
2023-07-20,114.7262
2023-07-19,114.6974
2023-07-18,114.6658
2023-07-17,114.6044
2023-07-14,114.5326
2023-07-13,114.489
2023-07-12,114.3868
2023-07-11,114.3872
2023-07-10,114.3018
2023-07-07,114.2481
2023-07-06,114.2674
2023-07-05,114.2802
2023-07-04,114.2395
2023-07-03,114.1835
2023-06-30,114.9347
2023-06-28,114.923
2023-06-27,114.8763
2023-06-26,114.8676
2023-06-23,114.8125
2023-06-22,114.8023
2023-06-21,114.8162
2023-06-20,114.8222
2023-06-19,114.8104
2023-06-16,114.7351
2023-06-15,114.7239
2023-06-14,114.7182
2023-06-13,114.7224
2023-06-12,114.6834
2023-06-09,114.6304
2023-06-08,114.6643
2023-06-07,114.6894
2023-06-06,114.6624
2023-06-05,114.6139
2023-06-02,114.5767
2023-06-01,114.567
2023-05-31,114.4943
2023-05-30,114.476
2023-05-29,114.4602
2023-05-26,115.0325
2023-05-25,115.018
2023-05-24,115.0102
2023-05-23,114.9774
2023-05-22,114.99
2023-05-19,114.8397
2023-05-18,114.829
2023-05-17,114.7429
2023-05-16,114.7073
2023-05-15,114.664
2023-05-12,114.5964
2023-05-11,114.5507
2023-05-10,114.522
2023-05-09,114.5078
2023-05-08,114.5046
2023-05-04,114.412
2023-05-03,114.3895
2023-05-02,114.3085
2023-04-28,114.885
2023-04-27,114.8782
2023-04-26,114.8173
2023-04-25,114.7851
2023-04-24,114.7437
2023-04-21,114.613
2023-04-20,114.5633
2023-04-19,114.5607
2023-04-18,114.5215
2023-04-17,114.4861
2023-04-13,114.4166
2023-04-12,114.4023
2023-04-11,114.3338
2023-04-10,114.3203
2023-04-06,114.2536
2023-04-05,114.0268
2023-04-03,113.9108
2023-03-31,113.8611
2023-03-29,114.2839
2023-03-28,114.142
2023-03-27,114.1745
2023-03-24,114.1045
2023-03-23,114.087
2023-03-21,114.0025
2023-03-20,113.9713
2023-03-17,113.8529
2023-03-16,113.8137
2023-03-15,113.8276
2023-03-14,113.8034
2023-03-13,113.747
2023-03-10,113.5836
2023-03-09,113.5464
2023-03-08,113.5146
2023-03-06,113.5364
2023-03-03,113.4909
2023-03-02,113.449
2023-03-01,113.4314
2023-02-28,113.4461
2023-02-27,113.4356
2023-02-24,113.9031
2023-02-23,113.8881
2023-02-22,113.8598
2023-02-21,113.8977
2023-02-20,113.8558
2023-02-17,113.7667
2023-02-16,113.7999
2023-02-15,113.7673
2023-02-14,113.7205
2023-02-13,113.7565
2023-02-10,113.7134
2023-02-09,113.717
2023-02-08,113.7197
2023-02-07,113.7565
2023-02-06,113.7395
2023-02-03,113.7147
2023-02-02,113.6899
2023-02-01,113.6548
2023-01-31,113.5329
2023-01-30,113.4698
2023-01-27,113.9188
2023-01-25,113.937
2023-01-24,113.9405
2023-01-23,113.9204
2023-01-20,113.8715
2023-01-19,113.8969
2023-01-18,113.8668
2023-01-17,113.8467
2023-01-16,113.8307
2023-01-13,113.778
2023-01-12,113.748
2023-01-11,113.6987
2023-01-10,113.6701
2023-01-09,113.6472
2023-01-06,113.5474
2023-01-05,113.5651
2023-01-04,113.5502
2023-01-03,113.551
2023-01-02,113.5147
2022-12-30,114.0396
2022-12-29,114.0132
2022-12-28,114.0068
2022-12-27,113.9857
2022-12-26,113.9418
2022-12-23,113.92
2022-12-22,113.8998
2022-12-21,113.8936
2022-12-20,113.923
2022-12-19,113.8929
2022-12-16,113.8539
2022-12-15,113.8402
2022-12-14,113.8562
2022-12-13,113.7927
2022-12-12,113.7644
2022-12-09,113.686
2022-12-08,113.6771
2022-12-07,113.6526
2022-12-06,113.6749
2022-12-05,113.6472
2022-12-02,113.5935
2022-12-01,113.5771
2022-11-30,113.5247
2022-11-29,113.4792
2022-11-28,113.4854
2022-11-25,113.8686
2022-11-24,113.8492
2022-11-23,113.7976
2022-11-22,113.7951
2022-11-21,113.7563
2022-11-18,113.7062
2022-11-17,113.6871
2022-11-16,113.6574
2022-11-15,113.6601
2022-11-14,113.6076
2022-11-11,113.5561
2022-11-10,113.4652
2022-11-09,113.3953
2022-11-07,113.2952
2022-11-04,113.2359
2022-11-03,113.2225
2022-11-02,113.2317
2022-11-01,113.2093
2022-10-31,113.1998
2022-10-28,113.6147
2022-10-27,113.6372
2022-10-25,113.507
2022-10-21,113.3511
2022-10-20,113.3626
2022-10-19,113.3852
2022-10-18,113.3636
2022-10-17,113.3286
2022-10-14,113.1681
2022-10-13,113.1891
2022-10-12,113.1848
2022-10-11,113.1572
2022-10-10,113.201
2022-10-07,113.2196
2022-10-06,113.269
2022-10-04,113.2671
2022-10-03,113.204
2022-09-30,113.6606
2022-09-29,113.5751
2022-09-28,113.5044
2022-09-27,113.514
2022-09-26,113.5363
2022-09-23,113.4882
2022-09-22,113.6177
2022-09-21,113.6733
2022-09-20,113.6912
2022-09-19,113.7453
2022-09-16,113.728
2022-09-15,113.7811
2022-09-14,113.8386
2022-09-13,113.8768
2022-09-12,113.8295
2022-09-09,113.7845
2022-09-08,113.7726
2022-09-07,113.7381
2022-09-06,113.6966
2022-09-05,113.686
2022-09-02,113.6343
2022-09-01,113.6099
2022-08-30,113.5633
2022-08-29,113.5493
2022-08-26,113.8749
2022-08-25,113.8245
2022-08-24,113.8423
2022-08-23,113.8002
2022-08-22,113.7971
2022-08-19,113.7442
2022-08-18,113.7516
2022-08-17,113.7464
2022-08-12,113.5543
2022-08-11,113.5452
2022-08-10,113.474
2022-08-08,113.3671
2022-08-05,113.3185
2022-08-04,113.4432
2022-08-03,113.3627
2022-08-02,113.4154
2022-08-01,113.3327
2022-07-29,113.696
2022-07-28,113.6336
2022-07-27,113.6131
2022-07-26,113.5989
2022-07-25,113.5967
2022-07-22,113.5225
2022-07-21,113.5174
2022-07-20,113.507
2022-07-19,113.4739
2022-07-18,113.4615
2022-07-15,113.4487
2022-07-14,113.4486
2022-07-13,113.4416
2022-07-12,113.3771
2022-07-11,113.337
2022-07-08,113.3374
2022-07-07,113.3715
2022-07-06,113.3741
2022-07-05,113.1924
2022-07-04,113.1401
2022-07-01,113.0414
2022-06-30,112.9595
2022-06-29,112.923
2022-06-28,112.9136
2022-06-27,112.9163
2022-06-24,113.2042
2022-06-23,113.2187
2022-06-22,113.1822
2022-06-21,113.1635
2022-06-20,113.14
2022-06-17,112.9841
2022-06-16,112.9773
2022-06-15,112.9816
2022-06-14,112.9888
2022-06-13,113.0044
2022-06-10,113.0911
2022-06-09,113.0548
2022-06-08,112.9961
2022-06-07,112.8607
2022-06-06,112.9357
2022-06-03,112.9526
2022-06-02,112.9848
2022-06-01,112.9577
2022-05-31,113.0863
2022-05-30,113.0226
2022-05-27,113.3865
2022-05-26,113.3741
2022-05-25,113.3499
2022-05-24,113.3419
2022-05-23,113.3046
2022-05-20,113.2354
2022-05-19,113.252
2022-05-18,113.2348
2022-05-17,113.2115
2022-05-13,113.1621
2022-05-12,113.231
2022-05-11,113.1968
2022-05-10,113.1453
2022-05-09,113.0639
2022-05-06,113.0406
2022-05-05,113.1562
2022-05-04,113.231
2022-05-02,113.9348
2022-04-29,114.391
2022-04-28,114.3801
2022-04-27,114.3908
2022-04-26,114.3529
2022-04-25,114.3565
2022-04-22,114.2528
2022-04-21,114.2499
2022-04-20,114.2296
2022-04-19,114.1978
2022-04-18,114.1511
2022-04-13,113.9751
2022-04-12,114.133
2022-04-11,114.1405
2022-04-08,114.1995
2022-04-07,114.479
2022-04-06,114.4569
2022-04-05,114.4623
2022-04-04,114.4128
2022-03-31,114.3734
2022-03-30,114.3204
2022-03-29,114.2856
2022-03-28,114.2462
2022-03-25,114.5987
2022-03-24,114.5488
2022-03-23,114.5172
2022-03-22,114.5032
2022-03-21,114.5062
2022-03-17,114.4444
2022-03-16,114.3602
2022-03-15,114.3844
2022-03-14,114.2907
2022-03-11,114.2412
2022-03-10,114.2457
2022-03-09,114.1936
2022-03-08,114.1739
2022-03-07,114.1822
2022-03-04,114.2367
2022-03-03,114.2078
2022-03-02,114.241
2022-02-28,114.3066
2022-02-25,114.683
2022-02-24,114.683
2022-02-23,114.6927
2022-02-22,114.6577
2022-02-21,114.686
2022-02-18,114.6512
2022-02-17,114.6264
2022-02-16,114.6158
2022-02-15,114.5907
2022-02-14,114.5958
2022-02-11,114.5044
2022-02-10,114.4283
2022-02-09,114.2209
2022-02-08,114.1617
2022-02-04,114.0168
2022-02-03,114.0157
2022-02-02,113.9892
2022-02-01,114.0468
2022-01-31,114.2215
2022-01-28,114.5239
2022-01-27,114.5058
2022-01-25,114.5474
2022-01-24,114.5203
2022-01-21,114.5281
2022-01-20,114.5022
2022-01-19,114.4808
2022-01-18,114.475
2022-01-17,114.4729
2022-01-14,114.488
2022-01-13,114.4666
2022-01-12,114.4247
2022-01-11,114.3762
2022-01-10,114.3265
2022-01-07,114.3596
2022-01-06,114.3623
2022-01-05,114.3375
2022-01-04,114.3386
2022-01-03,114.3826
2021-12-31,114.8421
2021-12-30,114.8065
2021-12-29,114.8055
2021-12-28,114.7996
2021-12-27,114.8187
2021-12-24,114.7707
2021-12-23,114.7662
2021-12-22,114.7502
2021-12-21,114.758
2021-12-20,114.8317
2021-12-17,114.8582
2021-12-16,114.8885
2021-12-15,114.8821
2021-12-14,114.8651
2021-12-13,114.8149
2021-12-10,114.8033
2021-12-09,114.8002
2021-12-08,114.7994
2021-12-07,114.7461
2021-12-06,114.7379
2021-12-03,114.6735
2021-12-02,114.6722
2021-12-01,114.6332
2021-11-30,114.6306
2021-11-29,114.5894
2021-11-26,114.952
2021-11-25,114.942
2021-11-24,114.937
2021-11-23,114.9405
2021-11-22,114.9312
2021-11-18,114.8758
2021-11-17,114.8362
2021-11-16,114.8353
2021-11-15,114.8299
2021-11-12,114.7843
2021-11-11,114.7818
2021-11-10,114.7578
2021-11-09,114.7586
2021-11-08,114.7206
2021-11-03,114.5657
2021-11-02,114.524
2021-11-01,114.5277
2021-10-29,115.0006
2021-10-28,115.0245
2021-10-27,115.0502
2021-10-26,115.053
2021-10-25,115.1163
2021-10-22,115.089
2021-10-21,115.0642
2021-10-20,114.9788
2021-10-18,115.0005
2021-10-14,114.9932
2021-10-13,114.9914
2021-10-12,114.9388
2021-10-11,114.9022
2021-10-08,114.8823
2021-10-07,114.8762
2021-10-06,114.8931
2021-10-05,114.9069
2021-10-04,114.9487
2021-10-01,114.8873
2021-09-30,114.8989
2021-09-29,114.8817
2021-09-28,114.9438
2021-09-27,114.9032
2021-09-24,115.3538
2021-09-23,115.4294
2021-09-22,115.4258
2021-09-21,115.4085
2021-09-20,115.4012
2021-09-17,115.3458
2021-09-16,115.3241
2021-09-15,115.2934
2021-09-14,115.2739
2021-09-13,115.2632
2021-09-09,115.2197
2021-09-08,115.1958
2021-09-07,115.1772
2021-09-06,115.1856
2021-09-03,115.1497
2021-09-02,115.1293
2021-09-01,115.0735
2021-08-31,115.0125
2021-08-30,114.9766
2021-08-27,115.3155
2021-08-26,115.2847
2021-08-25,115.2815
2021-08-24,115.2636
2021-08-23,115.261
2021-08-20,115.2262
2021-08-18,115.1985
2021-08-17,115.1084
2021-08-13,115.0037
2021-08-12,114.9208
2021-08-11,114.8618
2021-08-10,114.8506
2021-08-09,114.7844
2021-08-06,114.7393
2021-08-05,114.8285
2021-08-04,114.7833
2021-08-03,114.7638
2021-08-02,114.7317
2021-07-30,115.2312
2021-07-29,115.2146
2021-07-28,115.2002
2021-07-27,115.1792
2021-07-26,115.1344
2021-07-23,115.0559
2021-07-22,115.0576
2021-07-20,115.0556
2021-07-19,115.0105
2021-07-16,114.9651
2021-07-15,114.8614
2021-07-14,114.7937
2021-07-13,114.7921
2021-07-12,114.6836
2021-07-09,114.718
2021-07-08,114.6911
2021-07-07,114.5719
2021-07-06,114.493
2021-07-05,114.5583
2021-07-02,114.479
2021-07-01,114.5007
2021-06-30,114.4609
2021-06-29,114.4769
2021-06-28,114.4858
2021-06-25,114.9409
2021-06-24,114.967
2021-06-23,114.9491
2021-06-22,114.9456
2021-06-21,114.9786
2021-06-18,114.9244
2021-06-17,114.8877
2021-06-16,114.8964
2021-06-15,115.0533
2021-06-14,115.1518
2021-06-11,115.1121
2021-06-10,115.0681
2021-06-09,115.0339
2021-06-08,114.9364
2021-06-07,114.9167
2021-06-04,114.8243
2021-06-03,114.7883
2021-06-02,114.7326
2021-06-01,114.7233
2021-05-31,114.7296
2021-05-28,115.149
2021-05-27,115.1498
2021-05-25,115.1122
2021-05-24,115.0556
2021-05-21,115.0071
2021-05-20,114.9815
2021-05-19,114.9753
2021-05-18,114.8748
2021-05-17,114.8275
2021-05-14,114.776
2021-05-12,114.7761
2021-05-11,114.7835
2021-05-10,114.7063
2021-05-07,114.6714
2021-05-06,114.641
2021-05-05,114.6215
2021-05-04,114.5851
2021-05-03,114.5671
2021-04-30,115.0397
2021-04-29,114.9751
2021-04-28,114.9685
2021-04-27,114.8994
2021-04-26,114.8037
2021-04-23,114.672
2021-04-22,114.6104
2021-04-20,114.5696
2021-04-19,114.5374
2021-04-16,114.437
2021-04-15,114.4921
2021-04-12,114.5726
2021-04-09,114.524
2021-04-08,114.4558
2021-04-07,114.4377
2021-04-06,114.4861
2021-04-05,114.3342
2021-03-31,114.1409
2021-03-30,114.0752
2021-03-26,114.4184
2021-03-25,114.3561
2021-03-24,114.3061
2021-03-23,114.1858
2021-03-22,113.9034
2021-03-19,113.7465
2021-03-18,113.5601
2021-03-17,113.5279
2021-03-16,113.5054
2021-03-15,113.5211
2021-03-12,113.7417
2021-03-10,113.8015
2021-03-09,113.8036
2021-03-08,113.8087
2021-03-05,113.7687
2021-03-04,113.7903
2021-03-03,113.7686
2021-03-02,113.7394
2021-03-01,113.678
2021-02-26,114.0583
2021-02-25,114.1094
2021-02-24,114.1
2021-02-23,114.0851
2021-02-22,114.1459
2021-02-18,114.301
2021-02-17,114.3385
2021-02-16,114.3657
2021-02-15,114.3157
2021-02-12,114.2643
2021-02-11,114.2149
2021-02-10,114.1122
2021-02-09,114.1056
2021-02-08,114.2086
2021-02-05,114.1341
2021-02-04,114.2659
2021-02-03,114.2656
2021-02-02,114.2138
2021-02-01,114.4904
2021-01-29,115.3819
2021-01-28,115.3716
2021-01-27,115.3483
2021-01-25,115.3284
2021-01-22,115.2936
2021-01-21,115.3264
2021-01-20,115.3007
2021-01-19,115.234
2021-01-18,115.2238
2021-01-15,115.3916
2021-01-14,115.4472
2021-01-13,115.6024
2021-01-12,115.6347
2021-01-11,115.7614
2021-01-08,115.9422
2021-01-07,115.8736
2021-01-06,115.8358
2021-01-05,115.8371
2021-01-04,115.7025
2021-01-01,115.5989
2020-12-31,115.5324
2020-12-30,115.5142
2020-12-29,115.465
2020-12-28,115.9231
2020-12-24,115.8137
2020-12-23,115.7812
2020-12-22,115.7358
2020-12-21,115.728
2020-12-18,115.7615
2020-12-17,115.7347
2020-12-16,115.7215
2020-12-15,115.7238
2020-12-14,115.6842
2020-12-11,115.6558
2020-12-10,115.6932
2020-12-09,115.6721
2020-12-08,115.6986
2020-12-07,115.6977
2020-12-04,115.6688
2020-12-03,115.5373
2020-12-02,115.5318
2020-12-01,115.6267
2020-11-27,116.0396
2020-11-26,116.0346
2020-11-25,115.9137
2020-11-24,115.8262
2020-11-23,115.7881
2020-11-20,115.7319
2020-11-19,115.6673
2020-11-18,115.5415
2020-11-17,115.5006
2020-11-13,115.4146
2020-11-12,115.3769
2020-11-11,115.2977
2020-11-10,115.2803
2020-11-09,115.3004
2020-11-06,115.2932
2020-11-05,115.2126
2020-11-04,115.0692
2020-11-03,115.0686
2020-11-02,115.6556
2020-10-29,115.5881
2020-10-28,115.6029
2020-10-27,115.6133
2020-10-26,115.6324
2020-10-23,115.4839
2020-10-22,115.3944
2020-10-21,115.4147
2020-10-20,115.4084
2020-10-19,115.3141
2020-10-16,115.2214
2020-10-15,115.2253
2020-10-14,115.1235
2020-10-13,115.0347
2020-10-12,114.8934
2020-10-09,114.7972
2020-10-08,114.3141
2020-10-07,114.2121
2020-10-06,114.1347
2020-10-05,114.0791
2020-10-01,113.9887
2020-09-30,113.8501
2020-09-29,113.7557
2020-09-28,113.7793
2020-09-25,114.2855
2020-09-24,114.3153
2020-09-23,114.3391
2020-09-22,114.2977
2020-09-21,114.2637
2020-09-18,114.1939
2020-09-17,114.1654
2020-09-16,114.1286
2020-09-15,114.0451
2020-09-14,114.1387
2020-09-11,114.129
2020-09-10,114.1554
2020-09-09,114.2
2020-09-08,114.1849
2020-09-07,114.4495
2020-09-04,114.6107
2020-09-03,114.587
2020-09-02,114.4222
2020-09-01,114.3826
2020-08-31,113.8966
2020-08-28,113.9526
2020-08-27,114.0546
2020-08-26,114.1324
2020-08-25,114.195
2020-08-24,114.0886
2020-08-21,114.3114
2020-08-20,114.6607
2020-08-19,114.6038
2020-08-18,114.6361
2020-08-17,114.6604
2020-08-14,114.6553
2020-08-13,114.7357
2020-08-12,114.649
2020-08-11,114.6987
2020-08-10,114.6896
2020-08-07,114.7179
2020-08-06,114.7742
2020-08-05,114.9053
2020-08-04,114.8786
2020-08-03,114.8358
2020-07-31,115.4417
2020-07-30,115.3292
2020-07-29,115.2784
2020-07-28,115.2442
2020-07-27,115.3317
2020-07-24,115.4014
2020-07-23,115.3939
2020-07-22,115.3349
2020-07-21,115.3879
2020-07-20,115.4573
2020-07-17,115.3941
2020-07-16,115.3514
2020-07-15,115.3254
2020-07-14,115.1805
2020-07-13,115.2497
2020-07-10,115.1746
2020-07-09,114.94
2020-07-08,114.8548
2020-07-07,114.6516
2020-07-06,114.4737
2020-07-03,114.3133
2020-07-02,114.2212
2020-07-01,114.0975
2020-06-30,114.0015
2020-06-29,113.8942
2020-06-26,114.2964
2020-06-25,114.1683
2020-06-24,114.0357
2020-06-23,114.0201
2020-06-22,113.8509
2020-06-19,113.7331
2020-06-18,113.5215
2020-06-17,113.2939
2020-06-16,113.1275
2020-06-15,113.0007
2020-06-12,112.8731
2020-06-11,112.843
2020-06-10,112.7308
2020-06-09,112.6594
2020-06-08,112.6017
2020-06-05,112.6316
2020-06-04,112.572
2020-06-03,112.5829
2020-06-02,112.4787
2020-06-01,112.5633
2020-05-29,113.3082
2020-05-28,113.3113
2020-05-27,113.3361
2020-05-26,113.3579
2020-05-22,113.3002
2020-05-21,112.7941
2020-05-20,112.703
2020-05-19,112.6023
2020-05-18,112.4812
2020-05-15,112.3397
2020-05-14,112.3407
2020-05-13,112.0524
2020-05-12,111.9071
2020-05-11,111.6842
2020-05-08,112.0295
2020-05-06,111.8223
2020-05-05,111.4999
2020-05-04,111.2481
2020-04-30,110.9273
2020-04-29,110.8478
2020-04-28,110.8223
2020-04-27,110.9547
2020-04-24,111.4441
2020-04-23,112.1098
2020-04-22,111.7549
2020-04-21,111.7114
2020-04-20,111.4857
2020-04-17,110.9061
2020-04-16,110.2891
2020-04-15,110.0937
2020-04-13,109.8803
2020-04-09,109.7611
2020-04-08,109.7548
2020-04-07,110.3288
2020-04-03,110.857
2020-03-31,111.074
2020-03-30,110.72
2020-03-27,111.3447
2020-03-26,108.5798
2020-03-24,108.3168
2020-03-23,108.2333
2020-03-20,108.917
2020-03-19,108.4269
2020-03-18,109.3317
2020-03-17,109.7848
2020-03-16,110.2412
2020-03-13,110.2707
2020-03-12,110.8019
2020-03-11,111.4042
2020-03-09,111.6009
2020-03-06,111.6226
2020-03-05,111.4864
2020-03-04,111.5057
2020-03-03,111.1901
2020-03-02,111.1706
2020-02-28,111.6177
2020-02-27,111.7208
2020-02-26,111.7887
2020-02-25,111.6919
2020-02-24,111.7404
2020-02-20,111.6158
2020-02-18,111.6223
2020-02-17,111.6706
2020-02-14,111.5395
2020-02-13,111.465
2020-02-12,111.3429
2020-02-11,111.3475
2020-02-10,111.316
2020-02-07,111.2086
2020-02-06,110.8925
2020-02-05,110.5073
2020-02-04,110.4945
2020-02-03,110.4123
2020-01-31,110.8255
2020-01-30,110.8079
2020-01-29,110.7906
2020-01-28,110.8119
2020-01-27,110.7762
2020-01-24,110.6895
2020-01-23,110.634
2020-01-22,110.5759
2020-01-21,110.4953
2020-01-20,110.4561
2020-01-17,110.3861
2020-01-16,110.3478
2020-01-15,110.2888
2020-01-14,110.2361
2020-01-13,110.3227
2020-01-10,110.2716
2020-01-09,110.3095
2020-01-08,110.2429
2020-01-07,110.2058
2020-01-06,110.1547
2020-01-03,110.1752
2020-01-02,110.0621
2020-01-01,110.0228
2019-12-31,109.9413
2019-12-30,109.9382
2019-12-27,110.397
2019-12-26,110.3417
2019-12-24,110.3453
2019-12-23,110.3388
2019-12-20,110.2695
2019-12-19,110.0507
2019-12-18,110.037
2019-12-17,109.9658
2019-12-16,109.9276
2019-12-13,109.8387
2019-12-12,109.9182
2019-12-11,109.9289
2019-12-10,109.994
2019-12-09,110.026
2019-12-06,110.042
2019-12-05,110.1194
2019-12-04,110.4731
2019-12-03,110.3907
2019-12-02,110.3755
2019-11-29,110.9571
2019-11-28,110.9248
2019-11-27,110.8503
2019-11-26,110.8201
2019-11-25,110.7822
2019-11-22,110.672
2019-11-21,110.6353
2019-11-20,110.6194
2019-11-19,110.5576
2019-11-18,110.5188
2019-11-15,110.4222
2019-11-14,110.3484
2019-11-13,110.2489
2019-11-11,110.1501
2019-11-08,110.1335
2019-11-07,110.2005
2019-11-06,110.1785
2019-11-05,110.1846
2019-11-04,110.1997
2019-11-01,110.1553
2019-10-31,110.0858
2019-10-30,109.9231
2019-10-29,109.8202
2019-10-25,110.2327
2019-10-24,110.1937
2019-10-23,110.1268
2019-10-22,110.0294
2019-10-18,109.913
2019-10-17,109.8136
2019-10-16,109.7867
2019-10-15,109.7145
2019-10-14,109.6696
2019-10-11,109.5755
2019-10-10,109.5454
2019-10-09,109.5196
2019-10-07,109.4799
2019-10-04,109.4236
2019-10-03,109.4707
2019-10-01,109.3164
2019-09-30,109.224
2019-09-27,109.6423
2019-09-26,109.6283
2019-09-25,109.6058
2019-09-24,109.5892
2019-09-23,109.6092
2019-09-20,109.5519
2019-09-19,109.9778
2019-09-18,109.9313
2019-09-17,109.7487
2019-09-16,109.8062
2019-09-13,109.8398
2019-09-12,109.7589
2019-09-11,109.8296
2019-09-09,109.9012
2019-09-06,109.7287
2019-09-05,109.777
2019-09-04,109.8376
2019-09-03,109.7778
2019-08-30,110.2865
2019-08-29,110.2533
2019-08-28,110.3481
2019-08-27,110.3908
2019-08-26,110.3851
2019-08-23,110.1595
2019-08-22,110.0902
2019-08-21,109.9698
2019-08-20,109.8301
2019-08-19,109.7468
2019-08-16,109.716
2019-08-14,109.5322
2019-08-13,109.8041
2019-08-09,109.7848
2019-08-08,109.9755
2019-08-07,109.8824
2019-08-06,109.7774
2019-08-05,109.6311
2019-08-02,109.7464
2019-08-01,109.4997
2019-07-31,109.5104
2019-07-30,109.3933
2019-07-29,109.288
2019-07-26,109.5879
2019-07-25,109.5664
2019-07-24,109.8209
2019-07-23,109.7647
2019-07-22,109.8442
2019-07-19,109.9452
2019-07-18,109.9132
2019-07-17,109.9627
2019-07-16,109.9867
2019-07-15,109.7337
2019-07-12,109.5318
2019-07-11,109.4743
2019-07-10,109.3169
2019-07-09,109.1838
2019-07-08,109.1874
2019-07-05,108.7955
2019-07-04,108.5121
2019-07-03,108.3382
2019-07-02,108.1931
2019-07-01,108.1256
2019-06-28,108.6965
2019-06-27,108.6419
2019-06-26,108.5743
2019-06-25,108.6866
2019-06-24,108.7688
2019-06-21,108.7669
2019-06-20,108.9192
2019-06-19,108.7881
2019-06-18,108.7605
2019-06-17,108.5057
2019-06-14,108.4795
2019-06-13,108.3047
2019-06-12,108.2478
2019-06-11,108.1479
2019-06-10,108.1145
2019-06-07,108.2693
2019-06-06,108.437
2019-06-04,108.1807
2019-06-03,108.233
2019-05-31,108.7605
2019-05-30,108.4818
2019-05-29,108.5023
2019-05-28,108.4897
2019-05-27,108.3845
2019-05-24,108.0174
2019-05-23,107.9006
2019-05-22,107.6845
2019-05-21,107.6364
2019-05-20,107.6344
2019-05-17,107.4035
2019-05-16,107.3033
2019-05-15,107.2653
2019-05-14,107.2462
2019-05-13,107.1389
2019-05-10,107.0444
2019-05-09,107.0236
2019-05-08,107.0014
2019-05-07,106.9478
2019-05-06,106.904
2019-05-03,106.8264
2019-05-02,106.8643
2019-04-30,106.8488
2019-04-26,107.3226
2019-04-25,107.2578
2019-04-24,107.3266
2019-04-23,107.2515
2019-04-22,107.2461
2019-04-18,107.3141
2019-04-16,107.2955
2019-04-15,107.2859
2019-04-12,107.3173
2019-04-11,107.3487
2019-04-10,107.392
2019-04-09,107.3357
2019-04-08,107.3305
2019-04-05,107.4319
2019-04-04,107.5383
2019-04-03,107.6259
2019-04-02,107.648
2019-03-29,108.1051
2019-03-28,107.8248
2019-03-27,107.8116
2019-03-26,107.7962
2019-03-25,107.8045
2019-03-22,107.6516
2019-03-20,107.5596
2019-03-19,107.5107
2019-03-18,107.5394
2019-03-15,107.4286
2019-03-14,107.338
2019-03-13,107.2169
2019-03-12,107.205
2019-03-11,107.1248
2019-03-08,106.9989
2019-03-07,106.9155
2019-03-06,106.8264
2019-03-05,106.761
2019-03-01,106.6254
2019-02-28,106.5648
2019-02-27,106.524
2019-02-26,106.5683
2019-02-25,106.5669
2019-02-22,107.1219
2019-02-21,107.1002
2019-02-20,107.09
2019-02-18,107.0306
2019-02-15,107.0746
2019-02-14,107.1289
2019-02-13,107.1822
2019-02-12,106.9732
2019-02-11,107.0021
2019-02-08,106.9442
2019-02-07,106.8725
2019-02-06,106.7017
2019-02-05,106.6521
2019-02-04,106.6286
2019-02-01,106.6186
2019-01-31,106.7289
2019-01-30,106.7036
2019-01-29,106.7144
2019-01-28,106.6953
2019-01-25,107.2484
2019-01-24,107.2342
2019-01-23,107.2166
2019-01-22,107.2114
2019-01-21,107.1349
2019-01-18,107.1922
2019-01-17,107.1929
2019-01-16,107.1777
2019-01-15,107.199
2019-01-14,107.1781
2019-01-11,107.0521
2019-01-10,106.9817
2019-01-09,106.951
2019-01-08,106.9213
2019-01-07,106.8018
2019-01-04,106.7787
2019-01-03,106.772
2019-01-02,106.8127
2019-01-01,106.7429
2018-12-31,106.7967
2018-12-28,107.323
2018-12-27,107.4235
2018-12-26,107.3769
2018-12-24,107.2299
2018-12-21,107.1646
2018-12-20,107.1527
2018-12-19,107.1393
2018-12-18,106.9009
2018-12-17,106.7814
2018-12-14,106.7299
2018-12-13,106.7722
2018-12-12,106.7811
2018-12-11,106.6185
2018-12-10,106.5922
2018-12-07,106.7622
2018-12-06,106.7995
2018-12-05,106.6508
2018-12-04,106.4336
2018-12-03,106.3404
2018-11-30,107.0769
2018-11-29,107.016
2018-11-28,106.922
2018-11-27,106.7921
2018-11-26,106.7744
2018-11-22,106.7177
2018-11-20,106.5551
2018-11-19,106.5243
2018-11-16,106.4296
2018-11-15,106.4795
2018-11-14,106.4519
2018-11-13,106.369
2018-11-12,106.2816
2018-11-09,106.2562
2018-11-06,106.1482
2018-11-05,106.1124
2018-11-02,106.0677
2018-11-01,105.9617
2018-10-31,105.9048
2018-10-30,105.9129
2018-10-29,105.9124
2018-10-26,106.3631
2018-10-25,106.3706
2018-10-24,106.3706
2018-10-23,106.3327
2018-10-22,106.2984
2018-10-19,106.249
2018-10-17,106.2063
2018-10-16,106.2141
2018-10-15,106.1383
2018-10-12,105.9943
2018-10-11,105.9681
2018-10-10,105.9283
2018-10-09,105.891
2018-10-08,105.9924
2018-10-05,105.8966
2018-10-04,105.6392
2018-10-03,105.7371
2018-10-01,105.8044
2018-09-28,106.2331
2018-09-27,106.1364
2018-09-26,105.8725
2018-09-25,105.8001
2018-09-24,105.8647
2018-09-21,105.968
2018-09-19,105.954
2018-09-18,105.8998
2018-09-17,105.8869
2018-09-14,105.8232
2018-09-12,105.7651
2018-09-11,105.7507
2018-09-10,105.773
2018-09-07,105.8806
2018-09-06,105.8292
2018-09-05,105.8177
2018-09-04,105.8374
2018-09-03,105.9155
2018-08-31,106.5911
2018-08-30,106.5882
2018-08-29,106.6063
2018-08-28,106.6039
2018-08-27,106.585
2018-08-24,106.5284
2018-08-23,106.5223
2018-08-21,106.5302
2018-08-20,106.5028
2018-08-16,106.3945
2018-08-14,106.4015
2018-08-13,106.3762
2018-08-10,106.3908
2018-08-09,106.3697
2018-08-08,106.3112
2018-08-07,106.2825
2018-08-06,106.2771
2018-08-03,106.2436
2018-08-02,106.2686
2018-08-01,106.2487
2018-07-31,106.144
2018-07-30,106.0879
2018-07-27,106.5964
2018-07-26,106.5665
2018-07-25,106.5145
2018-07-24,106.4913
2018-07-23,106.4672
2018-07-20,106.4255
2018-07-19,106.422
2018-07-18,106.4353
2018-07-17,106.4169
2018-07-16,106.3281
2018-07-13,106.2988
2018-07-12,106.2401
2018-07-11,106.1293
2018-07-10,106.0937
2018-07-09,106.0577
2018-07-06,105.9832
2018-07-05,105.9548
2018-07-04,105.9556
2018-07-03,105.8742
2018-07-02,105.8399
2018-06-29,106.4478
2018-06-28,106.4122
2018-06-27,106.4591
2018-06-26,106.4953
2018-06-25,106.4827
2018-06-22,106.4275
2018-06-21,106.4254
2018-06-20,106.3256
2018-06-19,106.2626
2018-06-18,106.2222
2018-06-15,106.1062
2018-06-14,106.035
2018-06-13,105.9631
2018-06-12,105.8837
2018-06-11,105.8624
2018-06-08,105.824
2018-06-07,105.7332
2018-06-06,105.8193
2018-06-05,105.8709
2018-06-04,105.8213
2018-06-01,105.7972
2018-05-31,105.8363
2018-05-30,105.9178
2018-05-29,105.8753
2018-05-28,105.8381
2018-05-25,106.274
2018-05-24,106.1752
2018-05-23,106.1896
2018-05-22,106.1981
2018-05-21,106.1759
2018-05-18,106.1522
2018-05-17,106.0138
2018-05-16,106.0564
2018-05-15,106.1564
2018-05-14,106.2673
2018-05-11,106.3016
2018-05-10,106.318
2018-05-09,106.3543
2018-05-08,106.4757
2018-05-07,106.4474
2018-05-04,106.3246
2018-05-03,106.3257
2018-05-02,106.3134
2018-04-27,106.6355
2018-04-26,106.6599
2018-04-25,106.7407
2018-04-24,106.8445
2018-04-23,106.8617
2018-04-20,106.8632
2018-04-19,107.0133
2018-04-18,107.1798
2018-04-17,107.2543
2018-04-16,107.2584
2018-04-13,107.2218
2018-04-12,107.1864
2018-04-11,107.169
2018-04-10,107.3151
2018-04-09,107.4662
2018-04-06,107.4423
2018-04-05,107.4229
2018-04-04,107.1307
2018-04-03,107.8381
2018-03-28,107.6087
2018-03-27,107.5456
2018-03-26,107.1696
2018-03-23,107.1464
2018-03-22,107.1143
2018-03-21,107.0798
2018-03-20,107.0706
2018-03-19,107.0615
2018-03-16,107.0436
2018-03-15,106.8896
2018-03-14,106.7997
2018-03-13,106.787
2018-03-12,106.726
2018-03-09,106.5941
2018-03-08,106.5879
2018-03-07,106.5064
2018-03-06,106.3475
2018-03-05,106.3146
2018-03-01,106.2374
2018-02-28,106.2501
2018-02-27,106.2561
2018-02-26,106.2867
2018-02-23,106.5634
2018-02-22,106.4687
2018-02-21,106.5501
2018-02-20,106.578
2018-02-16,106.6007
2018-02-15,106.5829
2018-02-14,106.6519
2018-02-12,106.5965
2018-02-09,106.5366
2018-02-08,106.5281
2018-02-07,106.4266
2018-02-06,106.3227
2018-02-05,106.2736
2018-02-02,106.2273
2018-02-01,106.1948
2018-01-31,106.4112
2018-01-30,106.382
2018-01-29,106.9671
2018-01-25,106.9838
2018-01-24,107.0076
2018-01-23,107.0239
2018-01-22,106.9441
2018-01-19,106.8944
2018-01-18,106.8809
2018-01-17,106.9163
2018-01-16,106.7625
2018-01-15,106.8775
2018-01-12,106.7976
2018-01-11,106.7889
2018-01-10,106.7996
2018-01-09,106.9037
2018-01-08,106.9218
2018-01-05,106.8861
2018-01-04,106.7741
2018-01-03,106.8062
2018-01-02,106.79
2018-01-01,106.7793
2017-12-29,107.4115
2017-12-28,107.1649
2017-12-27,107.3117
2017-12-26,107.2906
2017-12-22,107.2856
2017-12-21,107.3507
2017-12-20,107.4064
2017-12-19,107.4866
2017-12-18,107.4652
2017-12-15,107.4336
2017-12-14,107.4496
2017-12-13,107.4386
2017-12-12,107.4758
2017-12-11,107.5133
2017-12-08,107.5665
2017-12-07,107.5654
2017-12-06,107.5618
2017-12-05,107.5172
2017-12-04,107.4948
2017-11-30,107.4379
2017-11-29,107.4253
2017-11-28,107.399
2017-11-27,107.3817
2017-11-24,108.0129
2017-11-23,108.0038
2017-11-22,108.0556
2017-11-21,108.1599
2017-11-20,108.1553
2017-11-17,107.9058
2017-11-16,107.8428
2017-11-15,107.9366
2017-11-14,107.89
2017-11-13,108.0301
2017-11-10,107.9935
2017-11-09,107.987
2017-11-08,107.9591
2017-11-07,107.9505
2017-11-06,107.9866
2017-11-03,107.957
2017-11-02,107.92
2017-11-01,107.8801
2017-10-31,107.8648
2017-10-30,107.824
2017-10-27,108.4916
2017-10-26,108.4864
2017-10-25,108.4623
2017-10-24,108.4706
2017-10-23,108.4289
2017-10-18,108.4023
2017-10-17,108.3872
2017-10-16,108.375
2017-10-13,108.2977
2017-10-12,108.207
2017-10-11,108.1859
2017-10-10,108.153
2017-10-09,108.1244
2017-10-06,108.0976
2017-10-05,108.1004
2017-10-04,108.1417
2017-10-03,108.2038
2017-09-29,108.7974
2017-09-28,108.7919
2017-09-27,108.7136
2017-09-26,108.7028
2017-09-25,108.7579
2017-09-22,108.6317
2017-09-21,108.6458
2017-09-20,108.8291
2017-09-19,108.7964
2017-09-18,108.7648
2017-09-15,108.7575
2017-09-14,108.7769
2017-09-13,108.7634
2017-09-12,108.7893
2017-09-11,108.8137
2017-09-08,108.7825
2017-09-07,108.7909
2017-09-06,108.802
2017-09-05,108.7645
2017-09-04,108.7614
2017-09-01,108.7007
2017-08-31,108.5703
2017-08-30,108.5176
2017-08-29,108.506
2017-08-28,109.1911
2017-08-24,109.1342
2017-08-23,109.1117
2017-08-22,109.1023
2017-08-21,109.1032
2017-08-18,109.0407
2017-08-16,108.9574
2017-08-14,108.9599
2017-08-11,108.9211
2017-08-10,108.9346
2017-08-09,108.9714
2017-08-08,108.9577
2017-08-07,108.9402
2017-08-04,108.9162
2017-08-03,108.8954
2017-08-02,108.6849
2017-08-01,108.6329
2017-07-31,108.5833
2017-07-28,109.2196
2017-07-27,109.2273
2017-07-26,109.1745
2017-07-25,109.2024
2017-07-24,109.1991
2017-07-21,109.0872
2017-07-20,108.9637
2017-07-19,108.9275
2017-07-18,108.8622
2017-07-17,108.8141
2017-07-14,108.7147
2017-07-13,108.6974
2017-07-12,108.6421
2017-07-11,108.5888
2017-07-10,108.5396
2017-07-07,108.3501
2017-07-06,108.3116
2017-07-05,108.2468
2017-07-04,108.1789
2017-07-03,108.1107
2017-06-30,109.0659
2017-06-29,109.072
2017-06-28,109.0731
2017-06-27,109.1447
2017-06-23,109.0972
2017-06-22,109.0914
2017-06-21,109.1028
2017-06-20,109.0376
2017-06-19,109.0171
2017-06-16,108.9465
2017-06-15,108.96
2017-06-14,108.9322
2017-06-13,108.9169
2017-06-12,108.8375
2017-06-09,108.7707
2017-06-08,108.6861
2017-06-07,108.4013
2017-06-06,108.1166
2017-06-05,108.0947
2017-06-02,108.0605
2017-06-01,108.0176
2017-05-31,107.8792
2017-05-30,107.817
2017-05-29,107.7943
2017-05-26,108.4532
2017-05-25,108.3623
2017-05-24,108.2804
2017-05-23,108.2494
2017-05-22,108.1905
2017-05-19,108.056
2017-05-18,108.047
2017-05-17,108.0238
2017-05-16,108.0052
2017-05-15,108.0264
2017-05-12,107.7399
2017-05-11,107.655
2017-05-09,107.6131
2017-05-08,107.6091
2017-05-05,107.512
2017-05-04,107.4314
2017-05-03,107.431
2017-05-02,107.3901
2017-04-28,108.0619
2017-04-27,108.0639
2017-04-26,108.0616
2017-04-25,108.1592
2017-04-24,108.0598
2017-04-21,108.0054
2017-04-20,108.1301
2017-04-19,108.1282
2017-04-18,108.019
2017-04-17,108.0033
2017-04-13,107.9675
2017-04-12,107.8427
2017-04-11,107.7185
2017-04-10,107.5795
2017-04-07,107.5059
2017-04-06,107.551
2017-04-05,107.8702
2017-04-03,107.8967
2017-03-31,107.7797
2017-03-30,108.4587
2017-03-29,108.3599
2017-03-27,108.3826
2017-03-24,108.0847
2017-03-23,108.0501
2017-03-22,107.9815
2017-03-21,107.6099
2017-03-20,107.523
2017-03-17,107.5007
2017-03-16,107.4988
2017-03-15,107.3992
2017-03-14,107.0693
2017-03-10,107.0027
2017-03-09,107.1798
2017-03-08,107.202
2017-03-07,107.24
2017-03-06,107.2781
2017-03-03,107.4095
2017-03-02,107.2565
2017-03-01,107.2077
2017-02-28,107.3978
2017-02-27,108.1282
2017-02-23,107.9707
2017-02-22,107.8879
2017-02-20,108.0199
2017-02-17,108.123
2017-02-16,108.1234
2017-02-15,108.037
2017-02-14,107.9867
2017-02-13,108.0613
2017-02-10,108.0012
2017-02-09,107.7712
2017-02-08,108.2729
2017-02-07,109.6491
2017-02-06,109.6681
2017-02-03,109.648
2017-02-02,109.6547
2017-02-01,109.5458
2017-01-31,109.5023
2017-01-30,109.4955
2017-01-27,110.1162
2017-01-25,110.0559
2017-01-24,109.9952
2017-01-23,109.9477
2017-01-20,109.8952
2017-01-19,109.8676
2017-01-18,109.9359
2017-01-17,109.9815
2017-01-16,109.9189
2017-01-13,109.9349
2017-01-12,110.0066
2017-01-11,109.8657
2017-01-10,109.84
2017-01-09,109.8192
2017-01-06,109.7951
2017-01-05,109.7965
2017-01-04,109.8136
2017-01-03,109.5629
2017-01-02,109.6779
2016-12-30,109.7986
2016-12-29,109.6341
2016-12-28,109.343
2016-12-27,109.3302
2016-12-26,109.418
2016-12-23,109.5563
2016-12-22,109.6639
2016-12-21,109.8402
2016-12-20,109.7878
2016-12-19,109.7269
2016-12-16,109.6812
2016-12-15,109.7122
2016-12-14,110.1366
2016-12-13,110.0708
2016-12-09,109.9559
2016-12-08,110.0031
2016-12-07,110.1182
2016-12-06,111.1292
2016-12-05,111.0497
2016-12-02,110.9573
2016-12-01,111.0459
2016-11-30,110.9478
2016-11-29,110.6983
2016-11-28,110.7819
2016-11-25,111.8136
2016-11-24,111.9273
2016-11-23,111.4869
2016-11-22,111.238
2016-11-21,111.1909
2016-11-18,110.5725
2016-11-17,110.6384
2016-11-16,110.5752
2016-11-15,110.1181
2016-11-11,109.296
2016-11-10,109.4413
2016-11-09,109.2599
2016-11-08,108.8634
2016-11-07,108.7893
2016-11-04,108.7182
2016-11-03,108.7661
2016-11-02,108.7783
2016-11-01,108.7848
2016-10-28,109.429
2016-10-27,109.4235
2016-10-26,109.4544
2016-10-25,109.4423
2016-10-24,109.4992
2016-10-21,109.4487
2016-10-20,109.4446
2016-10-19,109.4829
2016-10-18,109.4869
2016-10-17,109.4022
2016-10-14,109.3934
2016-10-13,109.4822
2016-10-10,109.5076
2016-10-07,109.3288
2016-10-06,109.4201
2016-10-05,109.4473
2016-10-04,109.1116
2016-10-03,108.9074
2016-09-30,109.4404
2016-09-29,109.3326
2016-09-28,109.5689
2016-09-27,109.5043
2016-09-26,109.4134
2016-09-23,109.1972
2016-09-22,109.0889
2016-09-21,108.8293
2016-09-20,108.7512
2016-09-19,108.7633
2016-09-16,108.7293
2016-09-15,108.6671
2016-09-14,108.6109
2016-09-12,108.6333
2016-09-09,108.6779
2016-09-08,108.6403
2016-09-07,108.5919
2016-09-06,108.3879
2016-09-02,108.2377
2016-09-01,108.243
2016-08-31,108.2375
2016-08-30,108.2062
2016-08-29,108.1335
2016-08-26,108.6777
2016-08-25,108.642
2016-08-24,108.5475
2016-08-23,108.4192
2016-08-22,108.3934
2016-08-19,108.5136
2016-08-18,108.4062
2016-08-16,108.5307
2016-08-12,108.4732
2016-08-11,108.4819
2016-08-10,108.286
2016-08-09,108.1077
2016-08-08,107.8506
2016-08-05,107.77
2016-08-04,107.7123
2016-08-03,107.6103
2016-08-02,107.699
2016-08-01,107.7968
2016-07-29,108.4178
2016-07-28,108.31
2016-07-27,107.9722
2016-07-26,107.9515
2016-07-25,107.9079
2016-07-22,107.7979
2016-07-21,107.7112
2016-07-20,107.6268
2016-07-19,107.5172
2016-07-18,107.4119
2016-07-15,107.3985
2016-07-14,107.3396
2016-07-13,107.2821
2016-07-12,107.0362
2016-07-11,106.7689
2016-07-08,106.6759
2016-07-07,106.6303
2016-07-05,106.5294
2016-07-04,106.339
2016-07-01,106.2559
2016-06-30,106.1105
2016-06-29,106.0591
2016-06-28,105.9842
2016-06-27,105.95
2016-06-24,106.456
2016-06-23,106.4403
2016-06-22,106.3872
2016-06-21,106.3178
2016-06-20,106.2601
2016-06-17,106.2219
2016-06-16,106.1947
2016-06-15,106.1326
2016-06-14,106.0996
2016-06-13,106.0715
2016-06-10,106.0879
2016-06-09,106.0662
2016-06-08,106.0381
2016-06-07,106.0207
2016-06-06,106.0142
2016-06-03,105.9072
2016-06-02,105.8788
2016-06-01,105.8463
2016-05-31,105.8629
2016-05-30,105.8542
2016-05-27,106.4366
2016-05-26,106.413
2016-05-25,106.4129
2016-05-24,106.39
2016-05-23,106.3665
2016-05-20,106.2736
2016-05-19,106.2905
2016-05-18,106.2419
2016-05-17,106.2572
2016-05-16,106.2448
2016-05-13,106.1851
2016-05-12,106.1999
2016-05-11,106.1435
2016-05-10,106.1109
2016-05-09,106.074
2016-05-06,105.9769
2016-05-05,105.955
2016-05-04,105.9265
2016-05-03,105.8749
2016-05-02,105.8786
2016-04-29,106.5641
2016-04-28,106.5055
2016-04-27,106.4717
2016-04-26,106.4557
2016-04-25,106.4496
2016-04-22,106.403
2016-04-21,106.3374
2016-04-20,106.4396
2016-04-18,106.4329
2016-04-13,106.275
2016-04-12,106.3786
2016-04-11,106.3114
2016-04-07,106.1026
2016-04-06,105.9721
2016-04-05,105.8842
2016-04-04,105.8472
2016-03-31,105.4707
2016-03-30,105.2135
2016-03-29,105.1879
2016-03-28,105.9509
2016-03-23,105.7504
2016-03-22,105.7425
2016-03-21,105.7396
2016-03-18,105.5025
2016-03-17,105.4572
2016-03-16,105.1761
2016-03-15,105.0247
2016-03-14,104.898
2016-03-11,104.6751
2016-03-10,104.6402
2016-03-09,104.596
2016-03-08,104.5542
2016-03-04,104.4497
2016-03-03,104.2637
2016-03-02,104.3149
2016-03-01,104.3087
2016-02-29,104.2251
2016-02-26,103.958
2016-02-25,103.8148
2016-02-24,104.0725
2016-02-23,104.1404
2016-02-22,104.3775
2016-02-18,104.4345
2016-02-17,104.3754
2016-02-16,104.4512
2016-02-15,104.5839
2016-02-12,104.6261
2016-02-11,104.6479
2016-02-10,104.6542
2016-02-09,104.6357
2016-02-08,104.6545
2016-02-05,104.6222
2016-02-04,104.5574
2016-02-03,104.4775
2016-02-02,104.5293
2016-02-01,104.6825
2016-01-29,105.3895
2016-01-28,105.2958
2016-01-27,105.3303
2016-01-25,105.2589
2016-01-22,105.2677
2016-01-21,105.3254
2016-01-20,105.1989
2016-01-19,105.1165
2016-01-18,104.9962
2016-01-15,104.9599
2016-01-14,105.046
2016-01-13,105.0922
2016-01-12,105.135
2016-01-11,105.191
2016-01-08,105.1815
2016-01-07,105.1399
2016-01-06,105.0724
2016-01-05,105.0337
2016-01-04,104.9764
2016-01-01,104.8646
2015-12-31,104.7526
2015-12-30,104.7343
2015-12-29,104.6647
2015-12-28,105.3778
2015-12-23,105.3059
2015-12-22,105.2054
2015-12-21,105.1467
2015-12-18,105.1908
2015-12-17,105.2408
2015-12-16,105.1685
2015-12-15,105.0183
2015-12-14,105.0116
2015-12-11,105.0414
2015-12-10,105.0225
2015-12-09,105.0049
2015-12-08,104.9862
2015-12-07,105.0561
2015-12-04,105.0169
2015-12-03,105.1187
2015-12-02,104.9809
2015-12-01,104.9806
2015-11-30,104.8231
2015-11-27,105.451
2015-11-26,105.5321
2015-11-24,105.5358
2015-11-23,105.4772
2015-11-20,105.4572
2015-11-19,105.518
2015-11-18,105.4947
2015-11-17,105.493
2015-11-16,105.5209
2015-11-13,105.4452
2015-11-10,105.2938
2015-11-09,105.2079
2015-11-06,105.2571
2015-11-05,105.255
2015-11-04,105.2916
2015-11-03,105.3391
2015-11-02,105.3287
2015-10-30,105.9579
2015-10-29,105.96
2015-10-28,106.0083
2015-10-27,105.947
2015-10-26,105.8992
2015-10-23,105.9147
2015-10-21,105.863
2015-10-20,105.8717
2015-10-19,105.8372
2015-10-16,105.7745
2015-10-15,105.7616
2015-10-14,105.7053
2015-10-13,105.6489
2015-10-12,105.6131
2015-10-09,105.6596
2015-10-08,105.6111
2015-10-07,105.5424
2015-10-06,105.5719
2015-10-05,105.5765
2015-10-01,105.3318
2015-09-30,105.3886
2015-09-29,105.0612
2015-09-28,105.2116
2015-09-24,105.1354
2015-09-23,105.0954
2015-09-22,105.0927
2015-09-21,105.1104
2015-09-18,105.0475
2015-09-16,104.8019
2015-09-15,104.8078
2015-09-14,104.7796
2015-09-11,104.6827
2015-09-10,104.6575
2015-09-09,104.7197
2015-09-08,104.6722
2015-09-07,104.5968
2015-09-04,104.6461
2015-09-03,104.6777
2015-09-02,104.699
2015-09-01,104.6949
2015-08-31,104.5841
2015-08-28,105.1912
2015-08-27,105.1885
2015-08-26,105.0925
2015-08-25,105.0083
2015-08-24,104.8452
2015-08-21,105.0698
2015-08-20,105.1643
2015-08-19,105.1211
2015-08-17,105.0639
2015-08-14,105.0048
2015-08-13,104.9367
2015-08-12,104.7561
2015-08-11,104.7264
2015-08-10,104.7032
2015-08-07,104.5932
2015-08-06,104.5785
2015-08-05,104.4789
2015-08-04,104.4652
2015-08-03,104.5267
2015-07-31,105.27
2015-07-30,105.1996
2015-07-29,105.1992
2015-07-28,105.1369
2015-07-27,104.9646
2015-07-24,104.8806
2015-07-23,104.8834
2015-07-22,104.8088
2015-07-21,104.7614
2015-07-20,104.7203
2015-07-17,104.6946
2015-07-16,104.651
2015-07-15,104.6421
2015-07-14,104.6096
2015-07-13,104.4829
2015-07-10,104.6519
2015-07-09,104.6066
2015-07-08,104.5887
2015-07-07,104.5591
2015-07-06,104.5732
2015-07-03,104.4017
2015-07-02,104.3081
2015-07-01,104.2115
2015-06-30,104.0546
2015-06-29,103.9468
2015-06-26,104.7444
2015-06-25,104.6897
2015-06-24,104.8029
2015-06-23,104.9241
2015-06-22,104.9582
2015-06-19,104.9563
2015-06-18,104.7325
2015-06-17,104.4269
2015-06-16,104.2364
2015-06-15,104.3148
2015-06-12,104.1629
2015-06-11,104.2005
2015-06-10,104.3691
2015-06-09,104.4637
2015-06-08,104.3445
2015-06-05,104.3198
2015-06-04,104.215
2015-06-03,104.3765
2015-06-02,104.4631
2015-06-01,104.764
2015-05-29,105.4845
2015-05-28,105.3881
2015-05-27,105.2992
2015-05-26,105.2657
2015-05-25,105.2846
2015-05-22,105.2357
2015-05-21,105.1757
2015-05-20,105.146
2015-05-19,105.0945
2015-05-18,104.9385
2015-05-15,104.7711
2015-05-14,104.7361
2015-05-13,104.7195
2015-05-12,104.733
2015-05-11,104.8002
2015-05-08,104.5483
2015-05-07,104.5397
2015-05-06,104.7505
2015-05-05,104.8567
2015-04-30,104.7717
2015-04-29,104.8853
2015-04-28,104.9329
2015-04-27,104.9123
2015-04-24,105.5053
2015-04-23,105.5166
2015-04-22,105.5416
2015-04-21,105.4853
2015-04-20,105.4406
2015-04-17,105.3801
2015-04-16,105.3807
2015-04-15,105.3653
2015-04-13,105.3168
2015-04-10,105.239
2015-04-09,105.219
2015-04-08,105.13
2015-04-07,105.15
2015-04-06,105.1441
2015-03-31,104.8933
2015-03-30,104.7372
2015-03-27,105.3007
2015-03-26,105.2541
2015-03-25,105.2401
2015-03-24,105.2226
2015-03-23,105.1886
2015-03-20,105.1469
2015-03-19,105.0803
2015-03-18,105.0169
2015-03-17,105.0258
2015-03-16,104.9762
2015-03-13,104.9136
2015-03-12,105.0218
2015-03-11,104.9639
2015-03-10,104.9732
2015-03-09,104.9969
2015-03-05,105.0266
2015-03-04,104.9971
2015-03-03,104.7835
2015-03-02,104.8267
2015-02-27,105.4064
2015-02-26,105.3562
2015-02-25,105.3602
2015-02-24,105.302
2015-02-23,105.2364
2015-02-20,105.1725
2015-02-18,105.1108
2015-02-16,105.078
2015-02-13,105.0086
2015-02-12,104.9271
2015-02-11,104.94
2015-02-10,104.9355
2015-02-09,104.9165
2015-02-06,104.9123
2015-02-05,104.9137
2015-02-04,104.914
2015-02-03,104.9636
2015-02-02,105.0323
2015-01-30,105.6675
2015-01-29,105.6587
2015-01-28,105.6265
2015-01-27,105.5741
2015-01-23,105.5061
2015-01-22,105.4757
2015-01-21,105.4436
2015-01-20,105.3594
2015-01-19,105.3506
2015-01-16,105.2734
2015-01-15,105.1247
2015-01-14,104.778
2015-01-13,104.7564
2015-01-12,104.606
2015-01-09,104.4215
2015-01-08,104.3631
2015-01-07,104.3114
2015-01-06,104.2328
2015-01-05,104.2872
2015-01-02,104.251
2015-01-01,104.2804
2014-12-31,104.2472
2014-12-30,104.1434
2014-12-29,104.0008
2014-12-26,104.4964
2014-12-24,104.477
2014-12-23,104.5009
2014-12-22,104.4133
2014-12-19,104.3271
2014-12-18,104.4037
2014-12-17,104.2601
2014-12-16,104.2643
2014-12-15,104.7586
2014-12-12,104.673
2014-12-11,104.5463
2014-12-10,104.4562
2014-12-09,104.5058
2014-12-08,104.4286
2014-12-05,104.3432
2014-12-04,104.2938
2014-12-03,104.2927
2014-12-02,104.2563
2014-12-01,103.9853
2014-11-28,104.4795
2014-11-27,104.2987
2014-11-26,104.2771
2014-11-25,104.2539
2014-11-24,104.2003
2014-11-21,104.1334
2014-11-20,104.1112
2014-11-19,104.0741
2014-11-18,104.0451
2014-11-17,103.9782
2014-11-14,103.8357
2014-11-13,103.8212
2014-11-12,103.9314
2014-11-11,103.8824
2014-11-10,103.8667
2014-11-07,103.7266
2014-11-05,103.6688
2014-11-03,103.4314
2014-10-31,104.039
2014-10-30,103.89
2014-10-29,103.7688
2014-10-28,103.6982
2014-10-27,103.6072
2014-10-22,103.405
2014-10-21,103.334
2014-10-20,103.2318
2014-10-17,103.0867
2014-10-16,103.0686
2014-10-14,102.8877
2014-10-13,102.7601
2014-10-10,102.6752
2014-10-09,102.5541
2014-10-08,102.5906
2014-10-07,102.4948
2014-10-01,102.2728
2014-09-30,102.2453
2014-09-29,102.2429
2014-09-26,102.7778
2014-09-25,102.6505
2014-09-24,102.6096
2014-09-23,102.5731
2014-09-22,102.5448
2014-09-19,102.425
2014-09-18,102.3804
2014-09-17,102.2835
2014-09-16,102.2285
2014-09-15,102.2042
2014-09-12,102.1374
2014-09-11,102.1024
2014-09-10,102.0743
2014-09-09,101.9782
2014-09-08,102.0668
2014-09-05,101.9573
2014-09-04,101.9097
2014-09-03,101.8812
2014-09-02,101.8145
2014-09-01,102.6319
2014-08-28,102.5209
2014-08-27,102.4948
2014-08-26,102.4297
2014-08-25,102.3955
2014-08-22,102.3577
2014-08-21,102.32
2014-08-20,102.3387
2014-08-19,102.2817
2014-08-14,102.1417
2014-08-13,102.1009
2014-08-12,102.0155
2014-08-11,101.9927
2014-08-08,101.8972
2014-08-07,101.9166
2014-08-06,101.8642
2014-08-05,101.9409
2014-08-04,102.0278
2014-08-01,101.9507
2014-07-31,101.9722
2014-07-30,101.9251
2014-07-28,101.9358
2014-07-25,102.5122
2014-07-24,102.4918
2014-07-23,102.3771
2014-07-22,102.2796
2014-07-21,102.1931
2014-07-18,102.0762
2014-07-17,102.0405
2014-07-16,101.9637
2014-07-15,101.8923
2014-07-14,101.8216
2014-07-11,101.9425
2014-07-10,102.236
2014-07-09,102.2267
2014-07-08,102.201
2014-07-07,102.2029
2014-07-04,102.1488
2014-07-03,102.0969
2014-07-02,102.072
2014-06-30,101.9495
2014-06-27,102.4791
2014-06-26,102.4771
2014-06-25,102.4162
2014-06-24,102.3719
2014-06-23,102.3439
2014-06-20,102.3165
2014-06-19,102.3653
2014-06-18,102.4102
2014-06-17,102.4041
2014-06-16,102.4146
2014-06-13,102.4359
2014-06-12,102.3864
2014-06-11,102.3421
2014-06-10,102.3438
2014-06-09,102.3426
2014-06-06,102.2137
2014-06-05,102.1303
2014-06-04,102.0063
2014-06-03,101.9123
2014-06-02,101.7348
2014-05-30,102.4648
2014-05-29,102.3805
2014-05-28,102.3303
2014-05-27,102.3178
2014-05-26,102.2622
2014-05-23,102.2175
2014-05-22,102.0475
2014-05-21,101.9661
2014-05-20,101.8909
2014-05-19,101.8851
2014-05-16,101.8795
2014-05-15,101.6817
2014-05-13,101.5921
2014-05-12,101.5975
2014-05-09,101.4711
2014-05-08,101.3734
2014-05-07,101.3554
2014-05-06,101.3356
2014-05-05,101.3135
2014-05-02,101.1271
2014-04-30,101.0362
2014-04-29,100.9451
2014-04-28,100.8637
2014-04-25,101.7912
2014-04-23,101.731
2014-04-22,101.6669
2014-04-21,101.5001
2014-04-17,101.3287
2014-04-16,101.3348
2014-04-15,101.2558
2014-04-11,101.1582
2014-04-10,101.0731
2014-04-09,101.0583
2014-04-07,101.0372
2014-04-04,100.9856
2014-04-03,101.0281
2014-04-02,101.0132
2014-03-31,101.1043
2014-03-28,101.0083
2014-03-27,100.7994
2014-03-26,100.7695
2014-03-25,100.8067
2014-03-24,100.6827
2014-03-21,100.5894
2014-03-20,100.4836
2014-03-19,100.4781
2014-03-18,100.4495
2014-03-14,100.3476
2014-03-13,100.3126
2014-03-12,100.2511
2014-03-11,100.2481
2014-03-10,100.2481
2014-03-07,100.2481
2014-03-06,100.2481
2014-03-05,100.2481
2014-03-04,100.2481
2014-03-03,100.2481
2014-02-28,100.2481
2014-02-26,100.2481
2014-02-25,100.2481
2014-02-24,100.2481
2014-02-21,100.2481
2014-02-20,100.2481
2014-02-18,100.2481
2014-02-17,100.2481
2014-02-14,100.2481
2014-02-13,100.2481
2014-02-12,100.2481
2014-02-11,100.2481
2014-02-10,100.2481
2014-02-07,100.2481
2014-02-06,100.2481
2014-02-05,100.2481
2014-02-04,100.2481
2014-02-03,100.2481
2014-01-31,100.2481
2014-01-30,100.2481
2014-01-29,100.2481
2014-01-28,100.2481
2014-01-27,100.2481
2014-01-24,100.2481
2014-01-23,100.2481
2014-01-22,100.2481
2014-01-21,100.2481
2014-01-20,100.2481
2014-01-17,100.2481
2014-01-16,100.2481
2014-01-15,100.2481
2014-01-13,100.2481
2014-01-10,100.2481
2014-01-09,100.2481
2014-01-08,100.2481
2014-01-07,100.2481
2014-01-06,100.2481
2014-01-03,100.2481
2014-01-02,100.2481
2014-01-01,100.2481
2013-12-31,100.2481
2013-12-30,100.2481
2013-12-27,100.2481
2013-12-26,100.2481
2013-12-24,100.2481
2013-12-23,100.2481
2013-12-20,100.2481
2013-12-19,100.2481
2013-12-18,100.2481
2013-12-17,100.2481
2013-12-16,100.2481
2013-12-13,100.2381
2013-12-12,100.2481
2013-12-11,100.2481
2013-12-10,100.2481
2013-12-09,100.2481
2013-12-06,100.2481
2013-12-05,100.2481
2013-12-04,100.2481
2013-12-03,100.2481
2013-12-02,100.2481
2013-11-29,100.2481
2013-11-28,100.2481
2013-11-27,100.2481
2013-11-26,100.2481
2013-11-25,100.2481
2013-11-22,100.2481
2013-11-21,100.2481
2013-11-20,100.2481
2013-11-19,100.2481
2013-11-18,100.2481
2013-11-14,100.2481
2013-11-13,100.2481
2013-11-12,100.2481
2013-11-11,100.2481
2013-11-08,100.2481
2013-11-07,100.2321
2013-11-06,100.2481
2013-11-05,100.2481
2013-11-01,100.2481
2013-10-31,100.2481
2013-10-30,100.2481
2013-10-29,100.2481
2013-10-28,100.2481
2013-10-25,100.2481
2013-10-24,100.2481
2013-10-23,100.2481
2013-10-22,100.2481
2013-10-21,100.2481
2013-10-18,100.2481
2013-10-17,100.2481
2013-10-15,100.2481
2013-10-14,100.2481
2013-10-11,100.2481
2013-10-10,100.2481
2013-10-09,100.2481
2013-10-08,100.2481
2013-10-07,100.2481
2013-10-04,100.2481
2013-10-03,100.2481
2013-10-01,100.2481
2013-09-30,100.2481
2013-09-27,100.2481
2013-09-26,100.2481
2013-09-25,100.2481
2013-09-24,100.2481
2013-09-23,100.2481
2013-09-20,100.2481
2013-09-19,100.2481
2013-09-18,100.2481
2013-09-17,100.2481
2013-09-16,100.2481
2013-09-13,100.2481
2013-09-12,100.2481
2013-09-11,100.2481
2013-09-10,100.2481
2013-09-06,100.2481
2013-09-05,100.2481
2013-09-04,100.2481
2013-09-03,100.2481
2013-09-02,100.2481
2013-08-30,100.2481
2013-08-29,100.235
2013-08-28,100.2318
2013-08-27,100.2481
2013-08-26,100.2481
2013-08-23,100.2481
2013-08-22,100.2481
2013-08-21,100.2481
2013-08-20,100.2481
2013-08-19,100.2481
2013-08-16,100.2481
2013-08-14,100.2481
2013-08-13,100.2481
2013-08-12,100.2481
2013-08-08,100.2481
2013-08-07,100.2481
2013-08-06,100.2481
2013-08-05,100.2481
2013-08-02,100.1361
2013-08-01,100.087
2013-07-31,100.0345
2013-07-30,100.017
2013-07-29,99.9858
2013-07-26,99.8904
2013-07-25,99.8339
2013-07-24,99.7612
2013-07-23,99.9653
2013-07-22,100.0558
2013-07-19,99.9973
2013-07-18,99.9801
2013-07-17,99.8369
2013-07-16,99.742
2013-07-15,100.2481
2013-07-12,100.2481
2013-07-11,100.2481
2013-07-10,100.2481
2013-07-09,100.2481
2013-07-08,100.2481
2013-07-05,100.2481
2013-07-04,100.2481
2013-07-03,100.2481
2013-07-02,100.2481
2013-06-28,100.2481
2013-06-27,100.2481
2013-06-26,100.2481
2013-06-25,100.2481
2013-06-24,100.2481
2013-06-21,100.2481
2013-06-20,100.2481
2013-06-19,100.2481
2013-06-18,100.2481
2013-06-17,100.2481
2013-06-14,100.2481
2013-06-13,100.2481
2013-06-12,100.2481
2013-06-11,100.2481
2013-06-10,100.2481
2013-06-07,100.2481
2013-06-06,100.2481
2013-06-05,100.2481
2013-06-04,100.2481
2013-06-03,100.2481
2013-05-31,100.2481
2013-05-30,100.2481
2013-05-29,100.2481
2013-05-28,100.2481
2013-05-27,100.2481
2013-05-24,100.2481
2013-05-23,100.2481
2013-05-22,100.2481
2013-05-21,100.2481
2013-05-20,100.2481
2013-05-17,100.2481
2013-05-16,100.22
2013-05-15,100.2292
2013-05-14,100.1999
2013-05-13,100.1947
2013-05-10,100.2042
2013-05-09,100.2137
2013-05-08,100.2036
2013-05-07,100.1971
2013-05-06,100.2973
2013-05-03,100.2255
2013-05-02,100.2797
2013-04-30,100.191
2013-04-29,100.1871
2013-04-26,100.1841
2013-04-25,100.1764
2013-04-23,100.1712
2013-04-22,100.1616
2013-04-18,100.1876
2013-04-17,100.1413
2013-04-16,100.181
2013-04-15,100.1463
2013-04-12,100.1089
2013-04-10,100.055
2013-04-09,100.0758
2013-04-08,100.097
2013-04-05,100.1526
2013-04-04,100.1702
2013-04-03,100.11
2013-04-02,100.1746
2013-03-28,100.055
2013-03-26,100.0588
2013-03-25,100.055
2013-03-22,100.0863
2013-03-21,100.0701
2013-03-20,100.055
2013-03-19,100.055
2013-03-18,100.055
2013-03-15,100.055
2013-03-14,100.055
2013-03-13,100.055
2013-03-12,100.055
2013-03-11,100.055
2013-03-08,100.055
2013-03-07,100.055
2013-03-06,100.055
2013-03-05,100.055
2013-03-04,100.055
2013-03-01,100.055
2013-02-28,100.055
2013-02-27,100.055
2013-02-26,100.055
2013-02-25,100.055
2013-02-22,100.055
2013-02-21,100.055
2013-02-20,100.055
2013-02-18,100.055
2013-02-15,100.055
2013-02-14,100.055
2013-02-13,100.055
2013-02-12,100.055
2013-02-11,100.055
2013-02-08,100.055
2013-02-07,100.055
2013-02-06,100.055
2013-02-05,100.055
2013-02-04,100.055
2013-02-01,100.055
2013-01-31,100.055
2013-01-30,100.055
2013-01-29,100.055
2013-01-28,100.055
2013-01-24,100.055
2013-01-23,100.055
2013-01-22,100.055
2013-01-21,100.055
2013-01-18,100.055
2013-01-17,100.055
2013-01-16,100.055
2013-01-15,100.055
2013-01-14,100.055
2013-01-11,100.055
2013-01-10,100.055
2013-01-09,100.055
2013-01-08,100.055
2013-01-07,100.055
2013-01-04,100.055
2013-01-03,100.055
2013-01-02,100.055
